model,accuracy,precision,recall,f1,roc_auc,pr_auc,inference_time_seconds,model_path,best_cv_f1,training_time_seconds,best_params
XGBoost,0.8514811095770052,0.7792651740514587,0.9673793326854552,0.8631922765637646,0.9748230482915667,0.9769234873602326,0.13760995864868164,/content/progetto FDSL/results/modeling/models/xgboost_best_model.joblib,0.9243820263399837,83.54352927207947,"{'colsample_bytree': 1.0, 'learning_rate': 0.1, 'max_depth': 6, 'n_estimators': 200, 'subsample': 0.8}"
Random Forest,0.8384900213380193,0.7613422750596962,0.9708778749595076,0.853436983882909,0.9736384297353265,0.9757557941405666,0.7641193866729736,/content/progetto FDSL/results/modeling/models/random_forest_best_model.joblib,0.9238401352232082,579.0457756519318,"{'class_weight': None, 'max_depth': 20, 'min_samples_leaf': 2, 'n_estimators': 200}"
Extra Trees,0.8194113217020208,0.7348374575448812,0.9812115322319404,0.8403384658066306,0.9701470663404528,0.9724046125757683,0.5543453693389893,/content/progetto FDSL/results/modeling/models/extra_trees_best_model.joblib,0.920972430972391,225.0425205230713,"{'class_weight': 'balanced', 'max_depth': None, 'min_samples_leaf': 2, 'n_estimators': 100}"
Linear SVM,0.771808710932597,0.6914309835373575,0.9551020408163265,0.8021547502448579,0.877572008539313,0.8535256475993767,0.06600022315979004,/content/progetto FDSL/results/modeling/models/linear_svm_best_model.joblib,0.8934097565655799,73.11881375312805,"{'model__C': 1.0, 'model__class_weight': 'balanced'}"
Logistic Regression,0.7685609388728505,0.6922636513275603,0.9400388726919339,0.7973457527923176,0.8875019256861667,0.8814763571026136,0.10775423049926758,/content/progetto FDSL/results/modeling/models/logistic_regression_best_model.joblib,0.886468541301807,1460.9759430885315,"{'model__C': 10.0, 'model__class_weight': 'balanced', 'model__penalty': 'l2'}"
