component,explained_variance_ratio
PC1,0.15671254666715526
PC2,0.12728773719745126
